publication_title,pdf_title,pdf_url,publication_url,publication_type,date
Informe de sostenibilidad 2025,Informe de sostenibilidad 2025,https://www.canaldeisabelsegunda.es/documents/portlet_file_entry/20143/Informe+de+sostenibilidad+de+Canal+de+Isabel+II+2025.pdf/ef6ac4d1-5f6e-d10c-8300-e9cbbd168eb9,https://www.canaldeisabelsegunda.es/publicaciones,corporativas,2026-05-29
Revista Canal&tú - especial 175 aniversario,Revista Canal&tú - especial 175 aniversario,https://www.canaldeisabelsegunda.es/documents/portlet_file_entry/20143/Especial+175+Aniversario_2026.pdf/5e4c05bb-a52f-8d20-7417-3030e3e77859,https://www.canaldeisabelsegunda.es/publicaciones,revista,2026-03-20
Nuestras tarifas,Nuestras tarifas,https://www.canaldeisabelsegunda.es/documents/d/site/tarifas-1,https://www.canaldeisabelsegunda.es/publicaciones,nuestros-clientes,2026-01-02
Revista Canal&tú - n.º 72,Revista Canal&tú - n.º 72,https://www.canaldeisabelsegunda.es/documents/portlet_file_entry/20143/revista-canal-diciembre-2025+%281%29.pdf/eac4c673-cd3a-c5cf-45ed-8f2dc1db2fee,https://www.canaldeisabelsegunda.es/publicaciones,revista,2025-12-15
Revista Canal&tú - n.º 71,Revista Canal&tú - n.º 71,https://www.canaldeisabelsegunda.es/documents/portlet_file_entry/20143/revista-canal-septiembre-2025.pdf/d5f463e9-46fe-373a-2cd4-93a86ac9c86a,https://www.canaldeisabelsegunda.es/publicaciones,revista,2025-09-04
Informe de sostenibilidad 2024,Informe de sostenibilidad 2024,https://www.canaldeisabelsegunda.es/documents/portlet_file_entry/20143/Informe+Sostenibilidad+2025_.pdf/43c4e183-1656-3c2b-a673-5445282ad031,https://www.canaldeisabelsegunda.es/publicaciones,corporativas,2025-05-26
Revista Canal&tú - n.º 70,Revista Canal&tú - n.º 70,https://www.canaldeisabelsegunda.es/documents/portlet_file_entry/20143/revista-canal-70-mayo-2025.pdf/dd024539-9ee9-bdae-1032-bb9695e7591d,https://www.canaldeisabelsegunda.es/publicaciones,revista,2025-05-07
Revista Canal&tú - n.º 69,Revista Canal&tú - n.º 69,https://www.canaldeisabelsegunda.es/documents/portlet_file_entry/20143/revista-canal-69.pdf/846a53e4-97da-0370-1de5-070049cf5564,https://www.canaldeisabelsegunda.es/publicaciones,revista,2025-02-25
Revista Canal&tú - n.º 68,Revista Canal&tú - n.º 68,https://www.canaldeisabelsegunda.es/documents/portlet_file_entry/20143/revista-canal-68.pdf/c6df4527-eb12-2a64-e3eb-f4120de9704a,https://www.canaldeisabelsegunda.es/publicaciones,revista,2024-11-29
Plan de sostenibilidad 2024-2026,Plan de sostenibilidad 2024-2026,https://www.canaldeisabelsegunda.es/documents/portlet_file_entry/20143/Plan+de+sosteniblidad+2024-2026.pdf/6fea5f2d-5d9f-a93d-97ad-bd4918451520,https://www.canaldeisabelsegunda.es/publicaciones,corporativas,2024-10-08
Revista Canal&tú - n.º 67,Revista Canal&tú - n.º 67,https://www.canaldeisabelsegunda.es/documents/portlet_file_entry/20143/revista-canal-67.pdf/78b9afda-8dcf-1e25-c624-cc8ae435e03e,https://www.canaldeisabelsegunda.es/publicaciones,revista,2024-09-19
Informe de sostenibilidad 2023,Informe de sostenibilidad 2023,https://www.canaldeisabelsegunda.es/documents/portlet_file_entry/20143/IS23.pdf/64b4bb03-278a-2cf3-25c5-d126a19cd5e3,https://www.canaldeisabelsegunda.es/publicaciones,corporativas,2024-06-01
Revista Canal&tú - n.º 66,Revista Canal&tú - n.º 66,https://www.canaldeisabelsegunda.es/documents/portlet_file_entry/20143/revista-canal-66.pdf/944ef653-5693-28d1-06be-7c5b9941e468,https://www.canaldeisabelsegunda.es/publicaciones,revista,2024-05-22
Revista Canal&tú - n.º 65,Revista Canal&tú - n.º 65,https://www.canaldeisabelsegunda.es/documents/portlet_file_entry/20143/revista-canal-65.pdf/08b3f328-c665-97fa-268c-40c7cc52f84e,https://www.canaldeisabelsegunda.es/publicaciones,revista,2024-03-15
Revista Canal&tú - n.º 64,Revista Canal&tú - n.º 64,https://www.canaldeisabelsegunda.es/documents/portlet_file_entry/20143/revista-canal-64.pdf/33047296-e9b9-64ea-2929-230ec84357ca,https://www.canaldeisabelsegunda.es/publicaciones,revista,2024-01-12
Revista Canal&tú - n.º 63,Revista Canal&tú - n.º 63,https://www.canaldeisabelsegunda.es/documents/20143/30718214/revista+canal+63.pdf/,https://www.canaldeisabelsegunda.es/publicaciones,revista,2023-11-06
Revista Canal&tú - n.º 62,Revista Canal&tú - n.º 62,https://www.canaldeisabelsegunda.es/documents/20143/29144767/revista+canal+62.pdf/,https://www.canaldeisabelsegunda.es/publicaciones,revista,2023-09-14
Revista Canal&tú - n.º 61,Revista Canal&tú - n.º 61,https://www.canaldeisabelsegunda.es/documents/20143/26856053/revista+canal+61.pdf/,https://www.canaldeisabelsegunda.es/publicaciones,revista,2023-06-22
Informe de sostenibilidad 2022,Informe de sostenibilidad 2022,https://www.canaldeisabelsegunda.es/documents/portlet_file_entry/20143/InformeSostenibilidad2022.pdf/8b2019e2-09ed-629d-d63f-b24f4bf3402f,https://www.canaldeisabelsegunda.es/publicaciones,corporativas,2023-06-01
Revista Canal&tú - n.º 60,Revista Canal&tú - n.º 60,https://www.canaldeisabelsegunda.es/documents/portlet_file_entry/20143/revista%2Bcanal%2B60.pdf/ef4373ce-2e8f-7db5-267c-954b2378d79f,https://www.canaldeisabelsegunda.es/publicaciones,revista,2023-04-14
Guía fácil para proteger tu contador del frío (NUEVO),Guía fácil para proteger tu contador del frío (NUEVO),https://www.canaldeisabelsegunda.es/documents/portlet_file_entry/20143/Abriga+tu+agua_protege+tu+instalaci%C3%B3n+de+agua+del+fr%C3%ADo_Canal+de+Isabel+II.pdf/dd3f9875-2f41-813d-af4e-d8eafa5e5fea,https://www.canaldeisabelsegunda.es/publicaciones,nuestros-clientes,2023-03-01
Cómo contratar la acometida de saneamiento si soy un ayuntamiento,Cómo contratar la acometida de saneamiento si soy un ayuntamiento,https://www.canaldeisabelsegunda.es/documents/portlet_file_entry/20143/Gestion_acometida_alcantarillado_ayuntamientos.pdf/1e2c76dd-0a52-292b-49bf-8ed3b17b195d,https://www.canaldeisabelsegunda.es/publicaciones,nuestros-clientes,2023-02-01
Cómo contratar el agua si soy un ayuntamiento,Cómo contratar el agua si soy un ayuntamiento,https://www.canaldeisabelsegunda.es/documents/portlet_file_entry/20143/Como_contratar_el_agua_ayuntamientos.pdf/d3346e64-03a8-87db-fa1b-bc1fce05a9cf,https://www.canaldeisabelsegunda.es/publicaciones,nuestros-clientes,2023-01-01
Informe de sostenibilidad 2021,Informe de sostenibilidad 2021,https://www.canaldeisabelsegunda.es/documents/portlet_file_entry/20143/Informe+Sostenibilidad+2021.pdf/e9304186-42b2-76ee-c206-7a538fddf402,https://www.canaldeisabelsegunda.es/publicaciones,corporativas,2022-12-01
Informe de Sostenibilidad 2020,Informe de Sostenibilidad 2020,https://www.canaldeisabelsegunda.es/documents/portlet_file_entry/20143/Informe_Sostenibilidad_2020.pdf/606fa83f-d763-251a-e836-6bcd90f0d5ba,https://www.canaldeisabelsegunda.es/publicaciones,corporativas,2022-11-01
Cómo contratar mi acometida de saneamiento si soy un particular,Cómo contratar mi acometida de saneamiento si soy un particular,https://www.canaldeisabelsegunda.es/documents/portlet_file_entry/20143/Info_Saneamiento_particulares.pdf/2798e8f8-bd82-fe20-5927-dc2e283e1781,https://www.canaldeisabelsegunda.es/publicaciones,nuestros-clientes,2022-10-01
Guía práctica de gestión de vertidos para empresas,Guía práctica de gestión de vertidos para empresas,https://www.canaldeisabelsegunda.es/documents/portlet_file_entry/20143/Gu%C3%ADa+pr%C3%A1ctica+de+gesti%C3%B3n+de+vertidos+para+empresas.pdf/e9c596f4-06ca-940a-8ee3-ad704a36daa9,https://www.canaldeisabelsegunda.es/publicaciones,nuestros-clientes,2022-09-01
Matilda y el monstruo de las toallitas,Matilda y el monstruo de las toallitas,https://www.canaldeisabelsegunda.es/documents/portlet_file_entry/20143/C%C3%B3mic_Las+toallitas+a+la+papelera_Canal+de+Isabel+II.pdf/53de0f51-dcde-062a-401b-2cf30999b4a3,https://www.canaldeisabelsegunda.es/publicaciones,our-clients,2022-08-01
10 compromisos claros como el agua de Madrid,10 compromisos claros como el agua de Madrid,https://www.canaldeisabelsegunda.es/documents/portlet_file_entry/20143/10+Compromisos+claros+como+el+agua+de+Madrid_Canal+de+Isabel+II.pdf/6884a57d-2700-0ebb-5f16-126c5c82d395,https://www.canaldeisabelsegunda.es/publicaciones,nuestros-clientes,2022-07-01
El valor de cada gota,El valor de cada gota,https://www.canaldeisabelsegunda.es/documents/portlet_file_entry/20143/El+valor+de+cada+gota.pdf/5a3ecb2b-f6f8-8e13-adc3-d47bf83b38d0,https://www.canaldeisabelsegunda.es/publicaciones,nuestros-clientes,2022-06-01
Cómo contratar el agua si soy un particular,Cómo contratar el agua si soy un particular,https://www.canaldeisabelsegunda.es/documents/20143/23525514/Como_contratar_el_agua_particulares.pdf/a253674c-9745-4545-3ea2-ba8c4801b734?t=1677677729297,https://www.canaldeisabelsegunda.es/publicaciones,nuestros-clientes,2022-05-01
El reto del cambio climático en la Comunidad de Madrid,El reto del cambio climático en la Comunidad de Madrid,https://www.canaldeisabelsegunda.es/documents/portlet_file_entry/20143/El+reto+del+cambio+clim%C3%A1tico+en+la+Comunidad+de+Madrid.pdf/0039760d-f901-5cd6-85cc-a88dff7315c2,https://www.canaldeisabelsegunda.es/publicaciones,corporativas,2021-12-01
Guía fácil para cuidar nuestros ríos,Guía fácil para cuidar nuestros ríos,https://www.canaldeisabelsegunda.es/documents/portlet_file_entry/20143/GuiaFacilparaCuidarNuestrosRios.pdf/cc4a2059-aafc-4556-9a32-4094852866e1,https://www.canaldeisabelsegunda.es/publicaciones,nuestros-clientes,2021-11-01
Guía para proteger tu instalación del frío,Guía para proteger tu instalación del frío,https://www.canaldeisabelsegunda.es/documents/portlet_file_entry/20143/Gu%C3%ADa+f%C3%A1cil+para+proteger+tu+instalaci%C3%B3n+del+fr%C3%ADo_111019.pdf/f20c6148-213c-10b2-b912-5746081c016b,https://www.canaldeisabelsegunda.es/publicaciones,nuestros-clientes,2021-10-01
Guía para detectar fugas de agua en tu instalación,Guía para detectar fugas de agua en tu instalación,https://www.canaldeisabelsegunda.es/documents/portlet_file_entry/20143/Guia+para+detectar+fugas+de+agua.pdf/99b337c3-c518-fce0-92dc-c532bca73d48,https://www.canaldeisabelsegunda.es/publicaciones,our-clients,2021-09-01
El ciclo integral del agua en la Comunidad de Madrid,El ciclo integral del agua en la Comunidad de Madrid,https://www.canaldeisabelsegunda.es/documents/portlet_file_entry/20143/El+ciclo+integral+del+agua_Canal+de+Isabel+II_2021.pdf/8a55b245-d4b7-1e7c-d26c-0cf0c660fd4b,https://www.canaldeisabelsegunda.es/publicaciones,ciclo-del-agua,2021-08-01
Captación,Captación,https://www.canaldeisabelsegunda.es/documents/portlet_file_entry/20143/captacion.pdf/6a14b425-8e02-bf87-6250-94d48d350c61,https://www.canaldeisabelsegunda.es/publicaciones,ciclo-del-agua,2021-07-01
Tratamiento,Tratamiento,https://www.canaldeisabelsegunda.es/documents/portlet_file_entry/20143/Tratamiento_OK.pdf/b323bb53-9268-f003-d27e-5bdc1b4f5e88,https://www.canaldeisabelsegunda.es/publicaciones,ciclo-del-agua,2021-06-01
Distribución,Distribución,https://www.canaldeisabelsegunda.es/documents/portlet_file_entry/20143/distribucion.pdf/cd23fe19-92e0-70b1-b02b-8d54170e92b4,https://www.canaldeisabelsegunda.es/publicaciones,ciclo-del-agua,2021-05-01
Saneamiento,Saneamiento,https://www.canaldeisabelsegunda.es/documents/portlet_file_entry/20143/saneamiento.pdf/73d1aa1e-87de-1e33-7c96-e21e4079aa09,https://www.canaldeisabelsegunda.es/publicaciones,ciclo-del-agua,2021-04-01
Calidad,Calidad,https://www.canaldeisabelsegunda.es/documents/portlet_file_entry/20143/Quality_OK.pdf/7a0ec55e-3ccf-3207-08eb-7c08ed29b12a,https://www.canaldeisabelsegunda.es/publicaciones,water-cycle,2021-03-01
Control,Control,https://www.canaldeisabelsegunda.es/documents/portlet_file_entry/20143/control.pdf/7082853b-1fa7-eb61-f758-f85f53c44c35,https://www.canaldeisabelsegunda.es/publicaciones,ciclo-del-agua,2021-02-01
Técnicas de drenaje urbano sostenible,Técnicas de drenaje urbano sostenible,https://www.canaldeisabelsegunda.es/documents/d/site/centro-de-excelencia-e-investigacion-canal-tecnicas-de-drenaje-urbano-sostenible,https://www.canaldeisabelsegunda.es/publicaciones,ciclo-del-agua,2021-01-31
Tanque de tormentas de Arroyofresno,Tanque de tormentas de Arroyofresno,https://www.canaldeisabelsegunda.es/documents/portlet_file_entry/20143/Tanque+de+tormentas.pdf/c9a06a49-6759-1e54-3bb0-442ca323bd39,https://www.canaldeisabelsegunda.es/publicaciones,ciclo-del-agua,2021-01-01
Generación de energía eléctrica,Generación de energía eléctrica,https://www.canaldeisabelsegunda.es/documents/portlet_file_entry/20143/Ciclo+del+agua_Generaci%C3%B3n+de+energ%C3%ADa_Canal+de+Isabel+II.pdf/557b0718-c5c5-8114-bd94-03ba091ed8ef,https://www.canaldeisabelsegunda.es/publicaciones,ciclo-del-agua,2020-12-01
Informe anual 2019,Informe anual 2019,https://www.canaldeisabelsegunda.es/documents/portlet_file_entry/20143/AF_Informe+Sostenibilidad+2019_20102020.pdf/5667a38b-0231-b651-69b4-a703a9af5d27,https://www.canaldeisabelsegunda.es/publicaciones,corporativas,2020-11-01
Informe anual 2018,Informe anual 2018,https://www.canaldeisabelsegunda.es/documents/portlet_file_entry/20143/Informe_Anual_2018.pdf/8e06c922-9838-f19b-3a66-ca10263ba268,https://www.canaldeisabelsegunda.es/publicaciones,corporativas,2020-10-01
Informe anual 2017,Informe anual 2017,https://www.canaldeisabelsegunda.es/documents/portlet_file_entry/20143/Informe_Anual_2017+Canal+de+Isabel+II.pdf/7bec8bf1-560e-f8ce-1ad7-71381b8fea15,https://www.canaldeisabelsegunda.es/publicaciones,corporativas,2020-09-01
Proyecto Minerva - Estaciones de monitorización en continuo de la calidad del agua residual de las EDAR,Proyecto Minerva - Estaciones de monitorización en continuo de la calidad del agua residual de las EDAR,https://www.canaldeisabelsegunda.es/documents/portlet_file_entry/20143/Memoria+Proyecto+Minerva.pdf/c715dd86-5070-dbf4-9352-8870ace0f08d,https://www.canaldeisabelsegunda.es/publicaciones,cuadernos-i+d+i,2020-04-01
Agua y Canal. Reserva de vida,Agua y Canal. Reserva de vida,https://www.canaldeisabelsegunda.es/documents/portlet_file_entry/20143/agua-canal-reserva-de-vida.pdf/f3f3a4e9-8d8b-21a1-c1cb-e9375d1dd2ef,https://www.canaldeisabelsegunda.es/publicaciones,patrimonio-histórico,2020-02-01
Primer Depósito Elevado de agua en Madrid. Cien años haciendo historia,Primer Depósito Elevado de agua en Madrid. Cien años haciendo historia,https://www.canaldeisabelsegunda.es/documents/portlet_file_entry/20143/deposito_elevado_100_anos.pdf/e9b6021e-7c99-482b-05ec-7c34f8ca6892,https://www.canaldeisabelsegunda.es/publicaciones,patrimonio-histórico,2020-01-01
La sierra del agua. Guía turística del Canal de Isabel II,La sierra del agua. Guía turística del Canal de Isabel II,https://www.canaldeisabelsegunda.es/documents/portlet_file_entry/20143/madrid-sierra-del-agua.pdf/677a5dab-71b2-af8c-6565-e1ab15610b7a,https://www.canaldeisabelsegunda.es/publicaciones,patrimonio-histórico,2019-12-01
Una mirada de ayer y hoy,Una mirada de ayer y hoy,https://www.canaldeisabelsegunda.es/documents/portlet_file_entry/20143/mirada-de-ayer-y-de-hoy.pdf/cc10888e-b95f-8839-05f1-e93d27a7fe74,https://www.canaldeisabelsegunda.es/publicaciones,patrimonio-histórico,2019-11-01
Más que agua y piedra. El patrimonio histórico de Canal de Isabel II,Más que agua y piedra. El patrimonio histórico de Canal de Isabel II,https://www.canaldeisabelsegunda.es/documents/portlet_file_entry/20143/mas-que-agua-piedra.pdf/b0a50c8a-a46a-7aed-844e-f139bc789435,https://www.canaldeisabelsegunda.es/publicaciones,patrimonio-histórico,2019-10-01
El Canal. Patrimonio histórico,El Canal. Patrimonio histórico,https://www.canaldeisabelsegunda.es/documents/portlet_file_entry/20143/El+Canal.+Patrimonio+Hist%C3%B3rico.pdf/38a48046-61e1-e5b6-e201-522016e263aa,https://www.canaldeisabelsegunda.es/publicaciones,patrimonio-histórico,2019-09-01
El río vertical. Madrid antes y después del Canal de Isabel II,El río vertical. Madrid antes y después del Canal de Isabel II,https://www.canaldeisabelsegunda.es/documents/portlet_file_entry/20143/El+r%C3%ADo+vertical.+Madrid+antes+y+despu%C3%A9s+del+Canal+de+Isabel+II.pdf/ce84e07d-7936-a02b-b9f7-9407e2f4dba5,https://www.canaldeisabelsegunda.es/publicaciones,patrimonio-histórico,2019-08-01
Memoria sobre la conducción de aguas a Madrid,Memoria sobre la conducción de aguas a Madrid,https://www.canaldeisabelsegunda.es/documents/portlet_file_entry/20143/memoria-conduccion-aguas-madrid.pdf/1e496cd0-43e6-f7f3-3723-f3619fe09039,https://www.canaldeisabelsegunda.es/publicaciones,patrimonio-histórico,2019-07-01
Revista Canal&tú - n.º 59,Revista Canal&tú - n.º 59,https://www.canaldeisabelsegunda.es/documents/portlet_file_entry/20143/revista%2Bcanal%2B59.pdf/69bfe21a-a020-6bfd-8ef0-804e6549db8c,https://www.canaldeisabelsegunda.es/publicaciones,revista,2019-06-01
Revista Canal&tú - n.º 58,Revista Canal&tú - n.º 58,https://www.canaldeisabelsegunda.es/documents/portlet_file_entry/20143/revista%2Bcanal%2B58.pdf/0ef88773-26b2-c0ab-5cef-04add22b6f87,https://www.canaldeisabelsegunda.es/publicaciones,revista,2019-05-01
Revista Canal&tú - noviembre 2022,Revista Canal&tú - noviembre 2022,https://www.canaldeisabelsegunda.es/documents/portlet_file_entry/20143/revista-canal-noviembre-2022.pdf/57e1287e-208a-add4-77d3-0b28d21a61fe,https://www.canaldeisabelsegunda.es/publicaciones,revista,2019-04-01
Revista Canal&tú - octubre 2022,Revista Canal&tú - octubre 2022,https://www.canaldeisabelsegunda.es/documents/portlet_file_entry/20143/Revista-Canal-Octubre-2022.pdf/7a3d00a8-022b-7157-9bca-0575ee9cc246,https://www.canaldeisabelsegunda.es/publicaciones,revista,2019-03-01
Revista Canal&tú - septiembre 2022,Revista Canal&tú - septiembre 2022,https://www.canaldeisabelsegunda.es/documents/portlet_file_entry/20143/Revista+Canal%26t%C3%BA_SEPTIEMBRE+2022.pdf/2e659231-2811-d874-ac64-c2792ade3e3a,https://www.canaldeisabelsegunda.es/publicaciones,revista,2019-02-01
Revista Canal&tú - julio 2022,Revista Canal&tú - julio 2022,https://www.canaldeisabelsegunda.es/documents/portlet_file_entry/20143/Revista+julio+2022_Canal+de+Isabel+II.pdf/2efddb30-3f82-5d77-5d9b-9535ae98da50,https://www.canaldeisabelsegunda.es/publicaciones,revista,2019-01-01
Revista Canal&tú - junio 2022,Revista Canal&tú - junio 2022,https://www.canaldeisabelsegunda.es/documents/portlet_file_entry/20143/Revista+Junio_2022.pdf/98fe226f-4219-24f2-907d-2ee30f469000,https://www.canaldeisabelsegunda.es/publicaciones,revista,2018-12-01
Revista Canal&tú - mayo 2022,Revista Canal&tú - mayo 2022,https://www.canaldeisabelsegunda.es/documents/portlet_file_entry/20143/revista_mayo_2022.pdf/6f40fda7-5b29-5958-3e75-d7d04e4707bf,https://www.canaldeisabelsegunda.es/publicaciones,revista,2018-11-01
Revista Canal&tú - marzo 2022,Revista Canal&tú - marzo 2022,https://www.canaldeisabelsegunda.es/documents/portlet_file_entry/20143/Revista+Marzo_2022.pdf/5991b91f-b979-f503-9bf3-04c78544f135,https://www.canaldeisabelsegunda.es/publicaciones,revista,2018-10-01
Revista Canal&tú - febrero 2022,Revista Canal&tú - febrero 2022,https://www.canaldeisabelsegunda.es/documents/portlet_file_entry/20143/Revista+canal+febrero+2022.pdf/78f4d3c1-51d8-505b-9fbc-1f70e3eb9c52,https://www.canaldeisabelsegunda.es/publicaciones,revista,2018-09-01
Revista Canal&tú - enero 2022,Revista Canal&tú - enero 2022,https://www.canaldeisabelsegunda.es/documents/portlet_file_entry/20143/revista+canal+enero.pdf/10855a0a-54fc-e6e3-16cb-abf1c37430f3,https://www.canaldeisabelsegunda.es/publicaciones,revista,2018-08-01
Revista Canal&tú - diciembre 2021,Revista Canal&tú - diciembre 2021,https://www.canaldeisabelsegunda.es/documents/portlet_file_entry/20143/Revista+diciembre+canal.pdf/e97bd5c0-2223-0009-182e-e569072e67fa,https://www.canaldeisabelsegunda.es/publicaciones,revista,2018-07-01
Revista Canal&tú - noviembre 2021,Revista Canal&tú - noviembre 2021,https://www.canaldeisabelsegunda.es/documents/portlet_file_entry/20143/revista+canal+noviembre.pdf/af48dfd3-dd4a-49bb-12b0-b4dd29017660,https://www.canaldeisabelsegunda.es/publicaciones,revista,2018-06-01
Revista Canal&tú - octubre 2021,Revista Canal&tú - octubre 2021,https://www.canaldeisabelsegunda.es/documents/portlet_file_entry/20143/RevistaOctubre2021.pdf/aaea5575-2926-162c-8774-f4d418597c92,https://www.canaldeisabelsegunda.es/publicaciones,revista,2018-05-01
Revista Canal&tú - septiembre 2021,Revista Canal&tú - septiembre 2021,https://www.canaldeisabelsegunda.es/documents/portlet_file_entry/20143/revista+canal+septiembre.pdf/b8785898-2391-bbc5-4c89-ea456b27928a,https://www.canaldeisabelsegunda.es/publicaciones,revista,2018-04-01
Revista Canal&tú - especial 170 aniversario,Revista Canal&tú - especial 170 aniversario,https://www.canaldeisabelsegunda.es/documents/portlet_file_entry/20143/Revista+170+aniversario+Canal+de+Isabel+II+%281%29.pdf/24c7be61-64c6-4b89-1d20-7e3b9fbb437e,https://www.canaldeisabelsegunda.es/publicaciones,revista,2018-03-01
Revista Canal&tú - junio 2021,Revista Canal&tú - junio 2021,https://www.canaldeisabelsegunda.es/documents/portlet_file_entry/20143/Revista+Canal+junio+%281%29.pdf/4437a727-7cdd-170f-6cd7-b37928e485e6,https://www.canaldeisabelsegunda.es/publicaciones,revista,2018-02-01
Revista Canal&tú - mayo 2021,Revista Canal&tú - mayo 2021,https://www.canaldeisabelsegunda.es/documents/portlet_file_entry/20143/revista+canal+mayo.pdf/916ad538-da36-0092-1cd8-c65287d054c2,https://www.canaldeisabelsegunda.es/publicaciones,revista,2018-01-01
Revista Canal&tú - abril 2021,Revista Canal&tú - abril 2021,https://www.canaldeisabelsegunda.es/documents/portlet_file_entry/20143/revista+abril+canal.pdf/830a3132-dced-6df3-c378-dac7ccf8af94,https://www.canaldeisabelsegunda.es/publicaciones,magazine,2017-12-01
Revista Canal&tú - marzo 2021,Revista Canal&tú - marzo 2021,https://www.canaldeisabelsegunda.es/documents/portlet_file_entry/20143/Revista+canal+marzo.pdf/ca7919c6-ed6e-7431-7adb-2681b19a2cde,https://www.canaldeisabelsegunda.es/publicaciones,revista,2017-11-01
Revista Canal&tú - febrero 2021,Revista Canal&tú - febrero 2021,https://www.canaldeisabelsegunda.es/documents/portlet_file_entry/20143/Revista_Canal_Febrero+2021.pdf/9d77c04b-ed85-2aa9-84ba-acebd7d6538f,https://www.canaldeisabelsegunda.es/publicaciones,magazine,2017-10-01
Revista Canal&tú - diciembre 2020,Revista Canal&tú - diciembre 2020,https://www.canaldeisabelsegunda.es/documents/portlet_file_entry/20143/Revista_Canal_Diciembre2020.pdf/f96f2b44-048b-efee-781b-a8b806cecb6c,https://www.canaldeisabelsegunda.es/publicaciones,revista,2017-09-01
Revista Canal&tú - noviembre 2020,Revista Canal&tú - noviembre 2020,https://www.canaldeisabelsegunda.es/documents/portlet_file_entry/20143/Revista+Canal+noviembre.pdf/548bb969-9a75-bbf5-7f02-05374ffcfbe2,https://www.canaldeisabelsegunda.es/publicaciones,revista,2017-08-01
Revista Canal&tú - octubre 2020,Revista Canal&tú - octubre 2020,https://www.canaldeisabelsegunda.es/documents/portlet_file_entry/20143/Revista+Canal%26t%C3%BA_octubre_2020.pdf/8838b1e5-b38e-e1f5-da3f-2cbc3a07d9d2,https://www.canaldeisabelsegunda.es/publicaciones,revista,2017-07-01
Revista Canal&tú - septiembre 2020,Revista Canal&tú - septiembre 2020,https://www.canaldeisabelsegunda.es/documents/portlet_file_entry/20143/Canal%26tu_Septiembre+2020.pdf/ef100e9f-2d0a-9db6-2ac7-27a04c19ee0c,https://www.canaldeisabelsegunda.es/publicaciones,revista,2017-06-01
Revista Canal&tú - julio 2020,Revista Canal&tú - julio 2020,https://www.canaldeisabelsegunda.es/documents/portlet_file_entry/20143/Revista+Canal_Julio+2020.pdf/0988d98b-903f-d79e-0748-6d89c27eb900,https://www.canaldeisabelsegunda.es/publicaciones,revista,2017-05-01
Revista Canal&tú - Especial COVID19,Revista Canal&tú - Especial COVID19,https://www.canaldeisabelsegunda.es/documents/portlet_file_entry/20143/Canal+de+Isabel+II_Revista+COVID19.pdf/e5206134-da12-766a-a2dc-d502d0a40bbe,https://www.canaldeisabelsegunda.es/publicaciones,revista,2017-04-01
Revista Canal&tú - marzo 2020,Revista Canal&tú - marzo 2020,https://www.canaldeisabelsegunda.es/documents/portlet_file_entry/20143/Revista+marzo_2020_Canal%26t%C3%BA.pdf/4a989bab-4fd2-393a-8224-9f2d73733f8f,https://www.canaldeisabelsegunda.es/publicaciones,revista,2017-03-01
Revista Canal&tú - febrero 2020,Revista Canal&tú - febrero 2020,https://www.canaldeisabelsegunda.es/documents/portlet_file_entry/20143/Revista+febrero+2020.pdf/9efa52d2-9f99-2b67-a126-671f0adb20bd,https://www.canaldeisabelsegunda.es/publicaciones,revista,2017-02-01
Revista Canal&tú - enero 2020,Revista Canal&tú - enero 2020,https://www.canaldeisabelsegunda.es/documents/portlet_file_entry/20143/Revista_enero_2020.pdf/960eebba-7480-2d56-c857-20ea49bcead9,https://www.canaldeisabelsegunda.es/publicaciones,revista,2017-01-01
Revista Canal&tú - Especial COP25,Revista Canal&tú - Especial COP25,https://www.canaldeisabelsegunda.es/documents/portlet_file_entry/20143/Especial+COP_Revista.pdf/e6b35103-35cd-b578-9801-c3d6afb0f35a,https://www.canaldeisabelsegunda.es/publicaciones,revista,2016-12-01
Revista Canal&tú - noviembre 2019,Revista Canal&tú - noviembre 2019,https://www.canaldeisabelsegunda.es/documents/portlet_file_entry/20143/Canal%26T%C3%BA+-+Noviembre+2019.pdf/34ab32a2-c688-f13b-7f3f-6c344f7fc94c,https://www.canaldeisabelsegunda.es/publicaciones,revista,2016-11-01
Revista Canal&tú - octubre 2019,Revista Canal&tú - octubre 2019,https://www.canaldeisabelsegunda.es/documents/portlet_file_entry/20143/Canal%26Tu+n29+-+Octubre.pdf/dd734696-d36b-e15f-b71a-6b6223625210,https://www.canaldeisabelsegunda.es/publicaciones,revista,2016-10-01
Revista Canal&tú - septiembre 2019,Revista Canal&tú - septiembre 2019,https://www.canaldeisabelsegunda.es/documents/portlet_file_entry/20143/Canal%26Tu+n28+-+Septiembre19.pdf/3831e801-8a60-c685-57f6-af59a1204688,https://www.canaldeisabelsegunda.es/publicaciones,revista,2016-09-01
Revista Canal&tú - julio y agosto 2019,Revista Canal&tú - julio y agosto 2019,https://www.canaldeisabelsegunda.es/documents/portlet_file_entry/20143/Revista_verano_2019.pdf/14bea9d9-0431-5e93-6dd0-826102fb1246,https://www.canaldeisabelsegunda.es/publicaciones,revista,2016-08-01
Revista Canal&tú - junio 2019,Revista Canal&tú - junio 2019,https://www.canaldeisabelsegunda.es/documents/portlet_file_entry/20143/Revista_Junio_2019.pdf/8ac3dda9-b76a-ea19-7cfa-306ba3af39a6,https://www.canaldeisabelsegunda.es/publicaciones,revista,2016-07-01
Revista Canal&tú - mayo 2019,Revista Canal&tú - mayo 2019,https://www.canaldeisabelsegunda.es/documents/portlet_file_entry/20143/Revista_mayo_19.pdf/29562508-e162-4f55-862c-f95bf83b4499,https://www.canaldeisabelsegunda.es/publicaciones,revista,2016-06-01
Revista Canal&tú - abril 2019,Revista Canal&tú - abril 2019,https://www.canaldeisabelsegunda.es/documents/portlet_file_entry/20143/Revista_Abril_2019.pdf/3515f3df-bfdc-3e51-291c-e71560f8da06,https://www.canaldeisabelsegunda.es/publicaciones,revista,2016-05-01
Revista Canal&tú - marzo 2019,Revista Canal&tú - marzo 2019,https://www.canaldeisabelsegunda.es/documents/portlet_file_entry/20143/Revista_Marzo_2019.pdf/0a4ea1a5-9aca-84f0-8067-177bc32b22f6,https://www.canaldeisabelsegunda.es/publicaciones,revista,2016-04-01
Revista Canal&tú - febrero 2019,Revista Canal&tú - febrero 2019,https://www.canaldeisabelsegunda.es/documents/portlet_file_entry/20143/13_Revista_Febrero_2019.pdf/2df29692-85c9-593e-4e9f-99ba01142e35,https://www.canaldeisabelsegunda.es/publicaciones,revista,2016-03-01
Revista Canal&tú - enero 2019,Revista Canal&tú - enero 2019,https://www.canaldeisabelsegunda.es/documents/portlet_file_entry/20143/Revista_Enero_2019.pdf/2948b425-c37e-3a5a-d975-a02e079e7b66,https://www.canaldeisabelsegunda.es/publicaciones,revista,2016-02-01
Revista Canal&tú - diciembre 2018,Revista Canal&tú - diciembre 2018,https://www.canaldeisabelsegunda.es/documents/portlet_file_entry/20143/12_Revista_Diciembre_2018.pdf/db433fac-bd83-1155-38ec-97d8708bb6cf,https://www.canaldeisabelsegunda.es/publicaciones,revista,2016-01-01
Revista Canal&tú - noviembre 2018,Revista Canal&tú - noviembre 2018,https://www.canaldeisabelsegunda.es/documents/portlet_file_entry/20143/Revista_Noviembre.pdf/9e6ed10f-1b76-d759-9121-4355444acac5,https://www.canaldeisabelsegunda.es/publicaciones,revista,2015-12-01
Revista Canal&tú - octubre 2018,Revista Canal&tú - octubre 2018,https://www.canaldeisabelsegunda.es/documents/portlet_file_entry/20143/RevistaOctubre2018_OK.pdf/0415fcf9-19c6-74e2-3aa7-a013a6f3dbf4,https://www.canaldeisabelsegunda.es/publicaciones,revista,2015-11-01
Revista Canal&tú - septiembre 2018,Revista Canal&tú - septiembre 2018,https://www.canaldeisabelsegunda.es/documents/portlet_file_entry/20143/09_Revista_Septiembre_2018.pdf/ac72cf44-1859-2b75-1932-a2e372887742,https://www.canaldeisabelsegunda.es/publicaciones,revista,2015-10-01
Revista Canal&tú - 160 aniversario,Revista Canal&tú - 160 aniversario,https://www.canaldeisabelsegunda.es/documents/portlet_file_entry/20143/01_Monogr%C3%A1fico_historico_2018.pdf/81645c18-c0e8-07f0-7671-5e1f18a3f867,https://www.canaldeisabelsegunda.es/publicaciones,revista,2015-09-01
Revista Canal&tú - junio 2018,Revista Canal&tú - junio 2018,https://www.canaldeisabelsegunda.es/documents/portlet_file_entry/20143/06_Revista_Junio_2018.pdf/95851f8c-19be-5ff8-509e-ea7ec921be2a,https://www.canaldeisabelsegunda.es/publicaciones,revista,2015-08-01
Revista Canal&tú - mayo 2018,Revista Canal&tú - mayo 2018,https://www.canaldeisabelsegunda.es/documents/portlet_file_entry/20143/05_Revista_Mayo_2018.pdf/2bad8eaf-704d-2610-66e8-da124368ae58,https://www.canaldeisabelsegunda.es/publicaciones,revista,2015-07-01
Revista Canal&tú - abril 2018,Revista Canal&tú - abril 2018,https://www.canaldeisabelsegunda.es/documents/portlet_file_entry/20143/Revista+abril+2018.pdf/ee9e62c4-41a9-1cdb-b48a-f9c0eec193f9,https://www.canaldeisabelsegunda.es/publicaciones,revista,2015-06-01
Revista Canal&tú - marzo 2018,Revista Canal&tú - marzo 2018,https://www.canaldeisabelsegunda.es/documents/portlet_file_entry/20143/Revista+marzo+2018.pdf/f04345eb-f2c1-114f-3518-cc13674e8a50,https://www.canaldeisabelsegunda.es/publicaciones,revista,2015-05-01
Revista Canal&tú - febrero 2018,Revista Canal&tú - febrero 2018,https://www.canaldeisabelsegunda.es/documents/portlet_file_entry/20143/Febrero+2018.pdf/316b17e1-d0ee-e788-1323-23bffc5a3eb2,https://www.canaldeisabelsegunda.es/publicaciones,revista,2015-04-01
Revista Canal&tú - enero 2018,Revista Canal&tú - enero 2018,https://www.canaldeisabelsegunda.es/documents/portlet_file_entry/20143/01_Revista_Enero+2018.pdf/0bc8416f-e01a-1c99-d897-f616a92c7b4c,https://www.canaldeisabelsegunda.es/publicaciones,revista,2015-03-01
