Título,Fecha,PDF,URL
Countering Digital Scams: Stemming the Tide on an Urgent Development Challenge, 2026-02-26,https://www.undp.org/sites/g/files/zskgke326/files/2026-02/undp-fao-agrifood-systems-in-national-adaptation-plans.pdf,https://www.undp.org/publications/agrifood-systems-national-adaptation-plans-analysis
Global Progress Report on Sustainable Development Goal 16, 2026-02-11,https://www.unodc.org/documents/data-and-analysis/sdgs/2025_SDG16_Report.pdf,https://www.undp.org/publications/global-progress-report-sustainable-development-goal-16
Agrifood systems in national adaptation plans: An analysis, 2026-02-04,https://www.undp.org/sites/g/files/zskgke326/files/2026-02/undp-ohchr-unodc-global-progress-report-sdg16-lac-spanish.pdf,https://www.undp.org/publications/global-progress-report-sustainable-development-goal-16
Realizing the Return: Insights from a Decade of Investment Cases on Noncommunicable Diseases and Mental Health, 2026-02-04,https://www.undp.org/sites/g/files/zskgke326/files/2026-02/undp-itfncd-realizing-the-return-insights-noncommunicable-diseases.pdf,https://www.undp.org/publications/realizing-return-insights-decade-investment-cases-noncommunicable-diseases-and-mental-health
New Tech New Partners: Transforming development in the digital era, 2026-01-21,https://www.undp.org/sites/g/files/zskgke326/files/2026-01/undp-new-tech-new-partners-transforming-development-in-the-digital-era.pdf,https://www.undp.org/publications/new-tech-new-partners-transforming-development-digital-era
From crisis to resilience: Climate solutions for positive peacebuilding, 2026-01-14,https://www.undp.org/sites/g/files/zskgke326/files/2026-01/undp-from-crisis-to-resilience-climate-solutions-for-positive-peacebuilding.pdf,https://www.undp.org/publications/crisis-resilience-climate-solutions-positive-peacebuilding
Practice Note: Supporting Rights Based Governance in Fragile and Conflict-Affected Settings, 2026-01-12,https://www.undp.org/sites/g/files/zskgke326/files/2026-01/undp-fba-supporting-rights-based-governance-in-fragile-and-conflict-affected-settings.pdf,https://www.undp.org/publications/practice-note-supporting-rights-based-governance-fragile-and-conflict-affected-settings
Service Delivery and Non-State Actors: Lessons for Engagement in Fragile and Conflict-Affected Settings, 2026-01-12,https://www.undp.org/sites/g/files/zskgke326/files/2026-01/und-fba-service-delivery-and-non-state-actors.pdf,https://www.undp.org/publications/service-delivery-and-non-state-actors-lessons-engagement-fragile-and-conflict-affected-settings
Adaptation Fund Climate Innovation Accelerator Impact Report 2020-2025, 2026-01-07,https://www.undp.org/sites/g/files/zskgke326/files/2026-01/undp-afcia-impact-report-2020-2025.pdf,https://www.undp.org/publications/adaptation-fund-climate-innovation-accelerator-impact-report-2020-2025
How Can Participation Deliver Just Energy Transitions?, 2025-12-23,https://www.undp.org/sites/g/files/zskgke326/files/2025-12/undp-fordfoundation-how-can-participation-deliver-just-energy-transition.pdf,https://www.undp.org/publications/how-can-participation-deliver-just-energy-transitions
Amplifying Inclusivity within Insider Mediation, 2025-12-15,https://www.undp.org/sites/g/files/zskgke326/files/2025-12/undp-guidance-note-amplifying-inclusivity-within-insider-mediation.pdf,https://www.undp.org/publications/amplifying-inclusivity-within-insider-mediation
Strengthening Information Integrity During Elections, 2025-12-09,https://www.undp.org/sites/g/files/zskgke326/files/2025-12/undp-strengthening-information-integrity-in-elections-lessons-from-nac-pilot-countries_0.pdf,https://www.undp.org/publications/strengthening-information-integrity-during-elections
Digital Rights Dashboard Pilot Country Insights, 2025-12-09,https://www.undp.org/sites/g/files/zskgke326/files/2025-12/undp-digital-rights-dashboard-pilot-country-insights.pdf,https://www.undp.org/publications/undp-digital-rights-dashboard-pilot-country-insights
Mapping the Impact and Informing Economic Resilience, 2025-12-02,https://www.undp.org/sites/g/files/zskgke326/files/2025-12/undp-wmo-mapping-the-impact-and-informing-economic-resilience-v2.pdf,https://www.undp.org/publications/mapping-impact-and-informing-economic-resilience
Strengthening Information Integrity in Elections, 2025-11-24,https://www.undp.org/sites/g/files/zskgke326/files/2025-12/undp-strengthening-information-integrity-in-elections.pdf,https://www.undp.org/publications/strengthening-information-integrity-elections
Heightened Human Rights Due Diligence: Training Facilitation Guide, 2025-11-21,https://www.undp.org/sites/g/files/zskgke326/files/2025-11/undp-bhr-heightened-human-rights-due-diligence.pdf,https://www.undp.org/publications/heightened-human-rights-due-diligence-training-facilitation-guide
Insurance for energy access: Unlocking economic resilience in rural communities, 2025-11-18,https://www.undp.org/sites/g/files/zskgke326/files/2025-11/undp-insurance-for-energy-access-unlocking-economic-resilience-in-rural-communities-v2.pdf,https://www.undp.org/publications/insurance-energy-access-unlocking-economic-resilience-rural-communities
Legal Foundations for Just Transitions: Strengthening National Frameworks for Development, 2025-11-18,https://www.undp.org/sites/g/files/zskgke326/files/2025-12/undp-wb-legal-foundations-for-just-transitions-strengthening-national-frameworks-for-development-v2.pdf,https://www.undp.org/publications/legal-foundations-just-transitions-strengthening-national-frameworks-development
Advancing clean cooking for climate action: Pathways to higher-tier solutions and scaled investment, 2025-11-10,https://www.undp.org/sites/g/files/zskgke326/files/2025-11/undp-fao-unep-advancing-clean-cooking-for-climate-action-v2.pdf,https://www.undp.org/publications/advancing-clean-cooking-climate-action-pathways-higher-tier-solutions-and-scaled-investment
Energy Digital and Anticorruption, 2025-11-10,https://www.undp.org/sites/g/files/zskgke326/files/2025-11/undp-energy-digital-and-anticorruption-v2.pdf,https://www.undp.org/publications/energy-digital-and-anticorruption
UNDP Gender Equality Strategy 2022-2025 | 2024 Annual Report, 2025-11-10,https://www.undp.org/sites/g/files/zskgke326/files/2025-11/undp-gender-equality-strategy-2024-annual-report.pdf,https://www.undp.org/publications/undp-gender-equality-strategy-2022-2025-2024-annual-report
Human Rights vs. Competitiveness: A False Dilemma?, 2025-11-06,https://www.undp.org/sites/g/files/zskgke326/files/2025-11/undp_wba_human_rights_vs_competitiveness.pdf,https://www.undp.org/publications/human-rights-vs-competitiveness-false-dilemma
Poverty-to-Prosperity Transitions, 2025-11-04,https://www.undp.org/sites/g/files/zskgke326/files/2025-10/undp-poverty-to-prosperity-transitions.pdf,https://www.undp.org/publications/poverty-prosperity-transitions
2025 Voluntary National Reviews through the Lens of Peaceful Just and Strong Institutions, 2025-11-03,https://www.undp.org/sites/g/files/zskgke326/files/2025-11/2025_vnr_report.pdf,https://www.undp.org/publications/2025-voluntary-national-reviews-through-lens-peaceful-just-and-strong-institutions
A Decade of Global Support to Social Development, 2025-10-31,https://www.undp.org/sites/g/files/zskgke326/files/2025-10/undp-a-decade-of-global-support-to-social-development.pdf,https://www.undp.org/publications/decade-global-support-social-development
Debunking tobacco industry misinformation, 2025-10-24,https://www.undp.org/sites/g/files/zskgke326/files/2025-10/undp_who_fctc_debunking_tobacco_industry_misinformation.pdf,https://www.undp.org/publications/debunking-tobacco-industry-misinformation
At the Edge of Participation, 2025-10-23,https://www.undp.org/sites/g/files/zskgke326/files/2025-11/undp-at-the-edge-of-participation.pdf,https://www.undp.org/publications/edge-participation
Gender-responsive conflict analysis for development programming, 2025-10-23,https://www.undp.org/sites/g/files/zskgke326/files/2025-11/undp-gender-responsive-conflict-analysis-for-development-programming-v4.pdf,https://www.undp.org/publications/gender-responsive-conflict-analysis-development-programming
Barriers to Action: Technical and Practical Constraints to Combating Illicit Financial Flows, 2025-10-07,https://www.undp.org/sites/g/files/zskgke326/files/2025-10/undp-fig-barriers-to-action-constraints-to-combating-illicit-financial-flows.pdf,https://www.undp.org/publications/barriers-action-technical-and-practical-constraints-combating-illicit-financial-flows
2024 Annual Report: Joint UNDP-DPPA Programme on Building National Capacities for Conflict Prevention, 2025-09-29,https://dppa.un.org/sites/default/files/2024_joint_programme_annual_report.pdf,https://www.undp.org/publications/2024-annual-report-joint-undp-dppa-programme-building-national-capacities-conflict-prevention
Embedding Peace: Key considerations for strengthening an infrastructure for building and sustaining positive peace (i4p), 2025-09-29,https://www.undp.org/sites/g/files/zskgke326/files/2025-09/undp-berghof-embedding_peace.pdf,https://www.undp.org/publications/embedding-peace-key-considerations-strengthening-infrastructure-building-and-sustaining-positive-peace-i4p
Toolkit for Ensuring Rights-Based and Ethical Use of Digital Technologies in HIV and Health Programmes, 2025-09-26,https://www.undp.org/sites/g/files/zskgke326/files/2025-09/undp-japan-toolkit-rights-based-and-ethical-use-of-digital-technologies-hiv-and-health.pdf,https://www.undp.org/publications/toolkit-ensuring-rights-based-and-ethical-use-digital-technologies-hiv-and-health-programmes
Global Progress Report on Sustainable Development Goal 16: Indicators on Peaceful Just and Inclusive Societies, 2025-09-17,https://www.undp.org/sites/g/files/zskgke326/files/2025-09/undp-global-progress-report-on_sustainable-development-goal-16-v2.pdf,https://www.undp.org/publications/global-progress-report-sustainable-development-goal-16-indicators-peaceful-just-and-inclusive-societies
Gender Justice Platform Annual Report 2024, 2025-09-15,https://www.undp.org/sites/g/files/zskgke326/files/2025-09/undp-unwomen-gender-justice-platform-ar2024.pdf,https://www.undp.org/publications/gender-justice-platform-annual-report-2024
Guide to Digital Participation Platforms 2025, 2025-09-12,https://www.undp.org/sites/g/files/zskgke326/files/2025-11/undp-people-powered-guide-to-digital-participation-platforms-v2.pdf,https://www.undp.org/publications/guide-digital-participation-platforms-2025
Annual Status Report 2024: Global Project for Managing Development Co-operation Effectively, 2025-09-11,https://www.undp.org/sites/g/files/zskgke326/files/2025-09/final_asr_2024.pdf,https://www.undp.org/publications/annual-status-report-2024-global-project-managing-development-co-operation-effectively
Navigating the Currents of Green Hydrogen Towards a Human Development-Centred Framework, 2025-09-08,https://www.undp.org/sites/g/files/zskgke326/files/2025-09/undp-navigating-the-currents-of-green-hydrogen.pdf,https://www.undp.org/publications/navigating-currents-green-hydrogen-towards-human-development-centred-framework
Partnering For Progress: UNDP’s commitment to LLDCs, 2025-08-22,https://www.undp.org/sites/g/files/zskgke326/files/2025-08/lldc3_brochure_undp_.pdf,https://www.undp.org/publications/partnering-progress-undps-commitment-lldcs
Climate Security Mechanism: Progress Report 2024, 2025-08-18,https://www.un.org/climatesecuritymechanism/sites/default/files/2025-08/CSM_Progress%20Report%202024_May%202025_0.pdf,https://www.undp.org/publications/climate-security-mechanism-progress-report-2024
An Economic Diversification Push for Landlocked Developing Countries: Achieving the Awaza Programme of Action, 2025-08-04,https://www.undp.org/sites/g/files/zskgke326/files/2025-08/undp-an-economic-diversification-push-for-lldcs-v2.pdf,https://www.undp.org/publications/economic-diversification-push-landlocked-developing-countries-achieving-awaza-programme-action
Landlocked Developing Countries: Looking Back and Ahead | Accelerating Action in the next 10 Years, 2025-08-04,https://www.undp.org/sites/g/files/zskgke326/files/2025-08/undp-an-economic-diversification-push-for-lldcs-v2.pdf,https://www.undp.org/publications/landlocked-developing-countries-looking-back-and-ahead-accelerating-action-next-10-years
Pathways to climate-resilient net zero supply chains: A guide for global agrifood businesses, 2025-07-28,https://www.undp.org/sites/g/files/zskgke326/files/2025-07/undp-pathways-to-climate-resilient-net-zero-supply-chains.pdf,https://www.undp.org/publications/pathways-climate-resilient-net-zero-supply-chains-guide-global-agrifood-businesses
2024 Voluntary National Reviews through the Lens of Peaceful Just and Strong Institutions, 2025-07-17,https://www.undp.org/sites/g/files/zskgke326/files/2025-07/undp-2024-vnr-through-the-lens-of-peaceful-just-and-strong-institution.pdf,https://www.undp.org/publications/2024-voluntary-national-reviews-through-lens-peaceful-just-and-strong-institutions
Paris Agreement LULUCF and NDC Tool: Quarterly Global Report | June 2025, 2025-07-17,https://www.undp.org/sites/g/files/zskgke326/files/2025-07/undp-plant-quarterly-global-report.pdf,https://www.undp.org/publications/paris-agreement-lulucf-and-ndc-tool-quarterly-global-report-june-2025
Funding Windows Annual Report 2024, 2025-07-10,https://www.undp.org/sites/g/files/zskgke326/files/2025-07/funding_windows_annual_report_2024.pdf,https://www.undp.org/publications/funding-windows-annual-report-2024
Charged for change: The case for renewable energy in climate action, 2025-07-02,https://www.undp.org/sites/g/files/zskgke326/files/2025-07/undp_charged_for_change_july_2025_final.pdf,https://www.undp.org/publications/charged-change-case-renewable-energy-climate-action
Elections for People and Planet: A practical guide to managing environmental impacts and risks of electoral processes, 2025-06-30,https://www.undp.org/sites/g/files/zskgke326/files/2025-06/undp-ifes-aecid-elections-for-people-and-planet.pdf,https://www.undp.org/publications/elections-people-and-planet-practical-guide-managing-environmental-impacts-and-risks-electoral-processes
From Insight to Implementation: Delivering FfD4 Commitments on Financial Integrity and Governance, 2025-06-30,https://www.undp.org/sites/g/files/zskgke326/files/2025-06/undp-fig-from-insight-to-implementation-ffd4.pdf,https://www.undp.org/publications/insight-implementation-delivering-ffd4-commitments-financial-integrity-and-governance
Ocean Promise: From Vision to Impact, 2025-06-27,https://www.undp.org/sites/g/files/zskgke326/files/2025-06/undp_ocean_promise_from_vision_to_impact.pdf,https://www.undp.org/publications/ocean-promise-vision-impact
Development at Risk: Protecting Gains and Unleashing Opportunities Amid Crisis, 2025-06-19,https://www.undp.org/sites/g/files/zskgke326/files/2026-02/undp-development-at-risk-v2.pdf,https://www.undp.org/publications/development-risk-protecting-gains-and-unleashing-opportunities-amid-crisis
Tax for Sustainable Development Goals Initiative Annual Report 2024, 2025-06-11,https://www.undp.org/sites/g/files/zskgke326/files/2025-06/undp_tax_for_sdgs_initiative_ar2024_rev1.pdf,https://www.undp.org/publications/tax-sustainable-development-goals-initiative-annual-report-2024
Ocean for Development, 2025-06-05,https://www.undp.org/sites/g/files/zskgke326/files/2025-06/undp-ocean-for-development-v2.pdf,https://www.undp.org/publications/ocean-development
The Potential Growth and Future Trends of Green Sukuk as a Tool for Sustainable Financing, 2025-05-19,https://www.undp.org/sites/g/files/zskgke326/files/2025-05/undp-kfh-green-sukuk-tool-for-sustainable-financing.pdf,https://www.undp.org/publications/potential-growth-and-future-trends-green-sukuk-tool-sustainable-financing
Engaging the private sector in climate action: Lessons learned from the implementation of the SCALA programme, 2025-05-12,https://openknowledge.fao.org/server/api/core/bitstreams/d25a1ee7-1c5c-4aac-a96d-4504168e2663/content,https://www.undp.org/publications/engaging-private-sector-climate-action-lessons-learned-implementation-scala-programme
Rising up for SIDS: UNDP's Strategy to Support SIDS in the Next Decade, 2025-05-08,https://www.undp.org/sites/g/files/zskgke326/files/2025-05/undp-rising-up-for-sids.pdf,https://www.undp.org/publications/rising-sids-undps-strategy-support-sids-next-decade
Men for Gender Equality in the Workplace: A Safe Respectful and Inclusive Organizational Culture, 2025-05-05,https://www.undp.org/sites/g/files/zskgke326/files/2025-05/undp-men-for-gender-equality-in-the-workplace.pdf,https://www.undp.org/publications/men-gender-equality-workplace-safe-respectful-and-inclusive-organizational-culture
Community-Based Resilience-Building: A UNDP Guidance Note, 2025-05-01,https://www.undp.org/sites/g/files/zskgke326/files/2025-05/undp-community-based-resilience-building-guidance-note.pdf,https://www.undp.org/publications/community-based-resilience-building-undp-guidance-note
UNDP Nature Pledge Annual Report 2024, 2025-04-25,https://www.undp.org/sites/g/files/zskgke326/files/2025-04/undp-nature-pledge-annual-report-2024.pdf,https://www.undp.org/publications/undp-nature-pledge-annual-report-2024
The UNDP people-centred approach to justice and security, 2025-04-23,https://www.undp.org/sites/g/files/zskgke326/files/2025-04/undp-people-centred-approach-to-justice-and-security.pdf,https://www.undp.org/publications/undp-people-centred-approach-justice-and-security
